{"cameraMode":{"drawMode":0,"name":"Shaded","section":"Shading Mode"},"sceneLighting":false,"audioPlay":false,"sceneViewState":{"showFog":true,"showMaterialUpdate":false,"showSkybox":true,"showFlares":true,"showImageEffects":true,"showParticleSystems":true},"in2DMode":false,"pivot":{"x":0.0,"y":0.09870173782110214,"z":9.313225746154786e-10},"rotation":{"x":-0.36083200573921206,"y":-0.05841973423957825,"z":0.022655101493000985,"w":-0.9305235743522644},"size":0.07455160468816757,"orthographic":false}